{
  "version": "1.0",
  "created_at": "2026-05-22T03:45:38.823956",
  "initial_error": 0.256968281035603,
  "final_error": 0.256968281035603,
  "error_reduction_percent": 0.0,
  "iterations": 50,
  "elapsed_seconds": 322.78609239999787,
  "best_params": {
    "piece_values": {
      "pawn": 100,
      "knight": 320,
      "bishop": 340,
      "rook": 500,
      "queen": 900
    },
    "pst_weights": {
      "pawn_mg_scale": 1.0,
      "pawn_eg_scale": 1.0,
      "knight_mg_scale": 1.0,
      "knight_eg_scale": 1.0,
      "bishop_mg_scale": 1.0,
      "bishop_eg_scale": 1.0,
      "rook_mg_scale": 1.0,
      "rook_eg_scale": 1.0,
      "queen_mg_scale": 1.0,
      "queen_eg_scale": 1.0,
      "king_mg_scale": 1.0,
      "king_eg_scale": 1.0
    },
    "pawn_structure": {
      "doubled_pawn_penalty": 20,
      "isolated_pawn_penalty": 15,
      "passed_pawn_base": 40,
      "passed_pawn_scale": 15,
      "pawn_chain_bonus": 10
    },
    "eval_weights": {
      "bishop_pair_bonus": 30,
      "center_control": 15,
      "extended_center": 5
    }
  },
  "error_history_sample": [
    0.256968281035603,
    0.256968281035603,
    0.256968281035603,
    0.256968281035603,
    0.256968281035603,
    0.256968281035603,
    0.256968281035603,
    0.256968281035603,
    0.256968281035603,
    0.256968281035603,
    0.256968281035603,
    0.256968281035603,
    0.256968281035603,
    0.256968281035603,
    0.256968281035603,
    0.256968281035603,
    0.256968281035603,
    0.256968281035603,
    0.256968281035603,
    0.256968281035603,
    0.256968281035603,
    0.256968281035603,
    0.256968281035603,
    0.256968281035603,
    0.256968281035603,
    0.256968281035603,
    0.256968281035603,
    0.256968281035603,
    0.256968281035603,
    0.256968281035603,
    0.256968281035603,
    0.256968281035603,
    0.256968281035603,
    0.256968281035603,
    0.256968281035603,
    0.256968281035603,
    0.256968281035603,
    0.256968281035603,
    0.256968281035603,
    0.256968281035603,
    0.256968281035603,
    0.256968281035603,
    0.256968281035603,
    0.256968281035603,
    0.256968281035603,
    0.256968281035603,
    0.256968281035603,
    0.256968281035603,
    0.256968281035603,
    0.256968281035603,
    0.256968281035603
  ]
}