{
  "version": "1.0",
  "created_at": "2026-05-22T02:32:03.767759",
  "initial_error": 0.256968281035603,
  "final_error": 0.256968281035603,
  "error_reduction_percent": 0.0,
  "iterations": 50,
  "elapsed_seconds": 197.58458550000796,
  "best_params": {
    "piece_values": {
      "pawn": 100,
      "knight": 320,
      "bishop": 340,
      "rook": 500,
      "queen": 900
    },
    "pst_weights": {
      "pawn_mg_scale": 1.0,
      "pawn_eg_scale": 1.0,
      "knight_mg_scale": 1.0,
      "knight_eg_scale": 1.0,
      "bishop_mg_scale": 1.0,
      "bishop_eg_scale": 1.0,
      "rook_mg_scale": 1.0,
      "rook_eg_scale": 1.0,
      "queen_mg_scale": 1.0,
      "queen_eg_scale": 1.0,
      "king_mg_scale": 1.0,
      "king_eg_scale": 1.0
    },
    "pawn_structure": {
      "doubled_pawn_penalty": 20,
      "isolated_pawn_penalty": 15,
      "passed_pawn_base": 40,
      "passed_pawn_scale": 15,
      "pawn_chain_bonus": 10
    },
    "eval_weights": {
      "bishop_pair_bonus": 30,
      "center_control": 15,
      "extended_center": 5
    }
  },
  "error_history_sample": [
    0.256968281035603,
    0.256968281035603,
    0.256968281035603,
    0.256968281035603,
    0.256968281035603,
    0.256968281035603,
    0.256968281035603,
    0.256968281035603,
    0.2569778522795429,
    0.2569934043082397,
    0.2569993285103068,
    0.25699551292133127,
    0.2569919560548058,
    0.25699702187485357,
    0.2570037222493474,
    0.2570037793593166,
    0.2569972546008862,
    0.2569926118124899,
    0.25699726519680766,
    0.257003812046778,
    0.2570038124325429,
    0.256997266773076,
    0.25699261629129244,
    0.2569972668449752,
    0.25700381265443484,
    0.2570038126596687,
    0.25699726686636165,
    0.25699261635206067,
    0.2569972669393615,
    0.2570038128845867,
    0.2570038132755854,
    0.2569972685370162,
    0.2569926208914354,
    0.2569972792761859,
    0.2570038464053178,
    0.25700390428943354,
    0.25699751516544833,
    0.25699328563612805,
    0.256999045381062,
    0.25700836362075,
    0.2570144024232865,
    0.25701717302979743,
    0.25701827658755677,
    0.2570186819816689,
    0.25701879615778817,
    0.2570187386594372,
    0.25701844766867477,
    0.25701761632147047,
    0.2570154084292903,
    0.25700988537172703,
    0.25699786448824163
  ]
}